<?xml version="1.0" encoding="utf-8"?>
<!DOCTYPE nta PUBLIC '-//Uppaal Team//DTD Flat System 1.1//EN' 'http://www.it.uu.se/research/group/darts/uppaal/flat-1_2.dtd'>
<nta>
	<declaration>clock total;
clock time;
int grid[6][6];
bool gameCreated = false;
bool playersCreated = false;
bool waiting = false;
int vehNum = 0;
int vehicles = 0;
int steps = 0;</declaration>
	<template>
		<name x="5" y="5">Game</name>
		<parameter>int vehs</parameter>
		<declaration>void initialize()
{
	int i;
	int j;
    vehNum = vehs;
	for(i = 0; i &lt; 6; i++)
		for(j = 0; j &lt; 6; j++)
			grid[i][j] = 0;

	gameCreated = true;
}</declaration>
		<location id="id0" x="128" y="-40">
		</location>
		<location id="id1" x="8" y="-40">
			<name x="-8" y="-80">Begin</name>
			<committed/>
		</location>
		<init ref="id1"/>
		<transition>
			<source ref="id1"/>
			<target ref="id0"/>
			<label kind="assignment" x="40" y="-64">initialize()</label>
		</transition>
	</template>
	<template>
		<name>Vehicle</name>
		<parameter>int x, int y, int dir, int leng</parameter>
		<declaration>int initialX;
int initialY;

void moveUp()
{
	int tempY = y+1;
	grid[x][y+leng] = 1;
	grid[x][y] = 0;
	y = tempY;
	steps = steps+1;

    waiting = true;
}

bool checkUp()
{
	if(dir == 0 &amp;&amp; y+leng &lt; 6 &amp;&amp; grid[x][y+leng] == 0)
		return true;
	else
		return false;
}

void moveDown()
{
	int tempY = y-1;
	grid[x][y-1] = 1;
	grid[x][tempY+leng] = 0;
	y = tempY;
	steps = steps+1;

    waiting = true;
}

bool checkDown()
{
	if(dir == 0 &amp;&amp; y-1 &gt;= 0 &amp;&amp; grid[x][y-1] == 0)
		return true;
	else
		return false;
}

void moveLeft()
{
	int tempX = x-1;
	grid[x-1][y] = 1;
	grid[tempX+leng][y] = 0;
	x = tempX;
	steps = steps+1;

    waiting = true;
}

bool checkLeft()
{
	if(dir == 1 &amp;&amp; x-1 &gt;= 0 &amp;&amp; grid[x-1][y] == 0)
		return true;
	else
		return false;
}

void moveRight()
{
	int tempX = x+1;
	grid[x+leng][y] = 1;
	grid[x][y] = 0;
	x = tempX;
	steps = steps+1;

    waiting = true;
}

bool checkRight()
{
	if(dir == 1 &amp;&amp; x+leng &lt; 6 &amp;&amp; grid[x+leng][y] == 0)
		return true;
	else
		return false;
}

void create()
{
	int tempLeng;
    initialX = x;
    initialY = y;
	grid[initialX][initialY] = 1;
	if(dir == 0)
	{
		int tempY = y;
		for(tempLeng = leng; tempLeng &gt; 1; tempLeng--)
		{
			tempY = tempY+1;
			grid[x][tempY] = 1;
		}
	}
	else if(dir == 1)
	{
		int tempX = x;
		for(tempLeng = leng; tempLeng &gt; 1; tempLeng--)
		{
			tempX = tempX+1;
			grid[tempX][y] = 1;
		}
	}

	vehicles = vehicles+1;
	if(vehicles == vehNum)
		playersCreated = true;
}</declaration>
		<location id="id2" x="192" y="72">
			<name x="176" y="32">CarWait</name>
			<label kind="invariant" x="184" y="80">time &lt;= 2</label>
		</location>
		<location id="id3" x="192" y="-80">
			<name x="158" y="-114">TruckWait</name>
			<label kind="invariant" x="176" y="-64">time &lt;= 5</label>
		</location>
		<location id="id4" x="120" y="0">
			<committed/>
		</location>
		<location id="id5" x="-256" y="0">
			<name x="-288" y="-40">Initialization</name>
			<committed/>
		</location>
		<location id="id6" x="432" y="0">
			<committed/>
		</location>
		<location id="id7" x="-48" y="0">
			<name x="-88" y="-40">PerformMove</name>
		</location>
		<location id="id8" x="-456" y="0">
			<name x="-488" y="-40">GameStart</name>
			<committed/>
		</location>
		<init ref="id8"/>
		<transition>
			<source ref="id3"/>
			<target ref="id4"/>
			<label kind="guard" x="96" y="-64">time == 5</label>
		</transition>
		<transition>
			<source ref="id2"/>
			<target ref="id4"/>
			<label kind="guard" x="96" y="40">time == 2</label>
		</transition>
		<transition>
			<source ref="id6"/>
			<target ref="id2"/>
			<label kind="guard" x="288" y="48">leng == 2</label>
			<label kind="assignment" x="280" y="8">time = 0</label>
		</transition>
		<transition>
			<source ref="id6"/>
			<target ref="id3"/>
			<label kind="guard" x="288" y="-72">leng == 3</label>
			<label kind="assignment" x="280" y="-32">time = 0</label>
		</transition>
		<transition>
			<source ref="id4"/>
			<target ref="id7"/>
			<label kind="assignment" x="-8" y="-24">waiting = false</label>
			<nail x="112" y="0"/>
			<nail x="72" y="0"/>
		</transition>
		<transition>
			<source ref="id5"/>
			<target ref="id7"/>
			<label kind="guard" x="-224" y="-24">playersCreated == true</label>
		</transition>
		<transition>
			<source ref="id7"/>
			<target ref="id6"/>
			<label kind="guard" x="112" y="144">checkRight() &amp;&amp; !waiting</label>
			<label kind="assignment" x="152" y="120">moveRight()</label>
			<nail x="104" y="144"/>
			<nail x="272" y="144"/>
		</transition>
		<transition>
			<source ref="id7"/>
			<target ref="id6"/>
			<label kind="guard" x="120" y="-176">checkLeft() &amp;&amp; !waiting</label>
			<label kind="assignment" x="160" y="-200">moveLeft()</label>
			<nail x="112" y="-176"/>
			<nail x="272" y="-176"/>
		</transition>
		<transition>
			<source ref="id7"/>
			<target ref="id6"/>
			<label kind="guard" x="112" y="208">checkDown() &amp;&amp; !waiting</label>
			<label kind="assignment" x="152" y="184">moveDown()</label>
			<nail x="-48" y="208"/>
			<nail x="432" y="208"/>
		</transition>
		<transition>
			<source ref="id7"/>
			<target ref="id6"/>
			<label kind="guard" x="120" y="-232">checkUp() &amp;&amp; !waiting</label>
			<label kind="assignment" x="160" y="-256">moveUp()</label>
			<nail x="-48" y="-232"/>
			<nail x="432" y="-232"/>
		</transition>
		<transition>
			<source ref="id8"/>
			<target ref="id5"/>
			<label kind="guard" x="-424" y="-24">gameCreated == true</label>
			<label kind="assignment" x="-384" y="0">create()</label>
			<nail x="-274" y="0"/>
		</transition>
	</template>
	<template>
		<name>Player</name>
		<parameter>int x</parameter>
		<declaration>int initialX;

void create()
{
    initialX = x;
	grid[initialX][3] = 2;
	grid[initialX+1][3] = 2;


	vehicles = vehicles+1;
	if(vehicles == vehNum)
		playersCreated = true;
}

void moveLeft()
{
	int tempX = x-1;
	grid[x-1][3] = 2;
	grid[x+1][3] = 0;
	x = tempX;
	steps = steps+1;

    waiting = true;
}

bool checkLeft()
{
	if(x-1 &gt;= 0 &amp;&amp; grid[x-1][3] == 0)
		return true;
	else
		return false;
}

void moveRight()
{
	int tempX = x+1;
	grid[x+2][3] = 2;
	grid[x][3] = 0;
	x = tempX;
	steps = steps+1;

    waiting = true;
}

bool checkRight()
{
	if(x+2 &lt; 6 &amp;&amp; grid[x+2][3] == 0)
		return true;
	else
		return false;
}
bool playerWin()
{
	if(x == 4)
		return true;
	else
		return false;
}
</declaration>
		<location id="id9" x="88" y="0">
			<committed/>
		</location>
		<location id="id10" x="-128" y="0">
			<committed/>
		</location>
		<location id="id11" x="-488" y="0">
			<name x="-528" y="-40">Initialization</name>
			<committed/>
		</location>
		<location id="id12" x="-128" y="88">
			<name x="-170" y="70">End</name>
		</location>
		<location id="id13" x="-8" y="0">
			<name x="-32" y="-40">CarWait</name>
			<label kind="invariant" x="-24" y="16">time &lt;= 2</label>
		</location>
		<location id="id14" x="-256" y="0">
			<name x="-296" y="-40">PerformMove</name>
		</location>
		<location id="id15" x="-784" y="0">
			<name x="-808" y="-40">GameStart</name>
			<committed/>
		</location>
		<init ref="id15"/>
		<transition>
			<source ref="id9"/>
			<target ref="id13"/>
			<label kind="assignment" x="24" y="-24">time = 0</label>
		</transition>
		<transition>
			<source ref="id10"/>
			<target ref="id14"/>
			<label kind="assignment" x="-232" y="-24">waiting = false</label>
		</transition>
		<transition>
			<source ref="id10"/>
			<target ref="id12"/>
			<label kind="guard" x="-120" y="32">playerWin()</label>
		</transition>
		<transition>
			<source ref="id13"/>
			<target ref="id10"/>
			<label kind="guard" x="-96" y="-24">time == 2</label>
		</transition>
		<transition>
			<source ref="id15"/>
			<target ref="id11"/>
			<label kind="guard" x="-714" y="-17">gameCreated == true</label>
			<label kind="assignment" x="-671" y="0">create()</label>
		</transition>
		<transition>
			<source ref="id11"/>
			<target ref="id14"/>
			<label kind="guard" x="-456" y="-24">playersCreated == true</label>
		</transition>
		<transition>
			<source ref="id14"/>
			<target ref="id9"/>
			<label kind="guard" x="-136" y="136">checkRight() &amp;&amp; !waiting</label>
			<label kind="assignment" x="-104" y="112">moveRight()</label>
			<nail x="-256" y="136"/>
			<nail x="88" y="136"/>
		</transition>
		<transition>
			<source ref="id14"/>
			<target ref="id9"/>
			<label kind="guard" x="-136" y="-128">checkLeft() &amp;&amp; !waiting</label>
			<label kind="assignment" x="-104" y="-152">moveLeft()</label>
			<nail x="-256" y="-128"/>
			<nail x="88" y="-128"/>
		</transition>
	</template>
	<system>// Intermediate game
game = Game(13);
veh1 = Vehicle(0,5,1,2);
veh2 = Vehicle(2,5,1,2);
veh3 = Vehicle(4,4,0,2);
veh4 = Vehicle(2,3,0,2);
veh5 = Vehicle(1,2,0,2);
veh6 = Vehicle(3,2,1,2);
veh7 = Vehicle(5,2,0,3);
veh8 = Vehicle(4,1,1,2);
veh9 = Vehicle(0,0,0,3);
veh10 = Vehicle(1,0,1,2);
veh11 = Vehicle(3,0,0,2);
veh12 = Vehicle(4,0,1,2);

player = Player(3);

// List one or more processes to be composed into a system.
system game, veh1, veh2, veh3, veh4, veh5, veh6, veh7, veh8, veh9, veh10, veh11, veh12, player;</system>
	<queries>
		<query>
			<formula>E&lt;&gt;(player.End)
			</formula>
			<comment>
			</comment>
		</query>
	</queries>
</nta>
